Age,DailyRate,DistanceFromHome,Education,EnvironmentSatisfaction,HourlyRate,JobInvolvement,JobLevel,JobSatisfaction,MonthlyIncome,MonthlyRate,NumCompaniesWorked,PercentSalaryHike,PerformanceRating,RelationshipSatisfaction,StockOptionLevel,TotalWorkingYears,TrainingTimesLastYear,WorkLifeBalance,YearsAtCompany,YearsInCurrentRole,YearsSinceLastPromotion,YearsWithCurrManager,BusinessTravel_Non-Travel,BusinessTravel_Travel_Frequently,BusinessTravel_Travel_Rarely,Department_Human Resources,Department_Research & Development,Department_Sales,EducationField_Human Resources,EducationField_Life Sciences,EducationField_Marketing,EducationField_Medical,EducationField_Other,EducationField_Technical Degree,Gender_Male,JobRole_Healthcare Representative,JobRole_Human Resources,JobRole_Laboratory Technician,JobRole_Manager,JobRole_Manufacturing Director,JobRole_Research Director,JobRole_Research Scientist,JobRole_Sales Executive,JobRole_Sales Representative,MaritalStatus_Divorced,MaritalStatus_Married,MaritalStatus_Single,OverTime_Yes
1456,35,1199,18,4,3,80,3,2,3,5689,24594,1,14,3,4,2,10,2,4,10,2,0,2,0,1,0,0,1,0,0,1,0,0,0,0,1,1,0,0,0,0,0,0,0,0,0,1,0,1
236,33,465,2,2,1,39,3,1,1,2707,21509,7,20,4,1,0,13,3,4,9,7,1,7,0,0,1,0,1,0,0,1,0,0,0,0,0,0,0,1,0,0,0,0,0,0,0,1,0,0
70,59,1225,1,1,1,57,2,2,3,5473,24668,7,11,3,4,0,20,2,2,4,3,1,3,0,1,0,0,0,1,0,1,0,0,0,0,0,0,0,0,0,0,0,0,1,0,0,0,1,0
42,26,1357,25,3,1,48,1,1,3,2293,10558,1,12,3,3,0,1,2,2,1,0,0,1,0,0,1,0,1,0,0,1,0,0,0,0,1,0,0,1,0,0,0,0,0,0,0,0,1,0
454,29,232,19,3,4,34,3,2,4,4262,22645,4,12,3,2,2,8,2,4,3,2,1,2,0,0,1,0,1,0,0,0,0,0,0,1,1,0,0,0,0,1,0,0,0,0,1,0,0,0
905,29,694,1,3,4,87,2,4,4,16124,3423,3,14,3,2,2,9,2,2,7,7,1,7,0,0,1,0,1,0,0,1,0,0,0,0,0,0,0,0,0,0,1,0,0,0,1,0,0,0
374,28,304,9,4,2,92,3,2,4,5253,20750,1,16,3,4,0,7,1,3,7,5,0,7,0,0,1,0,0,1,0,1,0,0,0,0,1,0,0,0,0,0,0,0,1,0,0,0,1,0
1318,29,574,20,1,4,40,3,1,4,3812,7003,1,13,3,2,0,11,3,4,11,8,3,10,0,1,0,0,1,0,0,0,0,1,0,0,1,0,0,1,0,0,0,0,0,0,0,1,0,0
565,23,310,10,1,1,79,4,1,3,3505,19630,1,18,3,4,0,2,3,3,2,2,0,2,0,0,1,0,1,0,0,0,0,1,0,0,1,0,0,0,0,0,0,1,0,0,0,0,1,0
482,31,1365,13,4,2,46,3,2,1,4233,11512,2,17,3,3,0,9,2,1,3,1,1,2,0,0,1,0,0,1,0,0,0,1,0,0,1,0,0,0,0,0,0,0,1,0,1,0,0,0
547,42,933,19,3,3,57,4,1,3,2759,20366,6,12,3,4,0,7,2,3,2,2,2,2,0,1,0,0,1,0,0,0,0,1,0,0,1,0,0,0,0,0,0,1,0,0,1,0,0,1
947,52,1030,5,3,2,64,3,3,2,8446,21534,9,19,3,3,0,10,2,2,8,7,7,7,0,0,1,0,0,1,0,1,0,0,0,0,1,0,0,0,0,0,0,0,1,0,0,0,1,1
704,35,882,3,4,4,92,3,3,4,7823,6812,6,13,3,2,1,12,2,3,10,9,0,8,0,0,1,0,0,1,0,1,0,0,0,0,1,0,0,0,0,0,0,0,1,0,1,0,0,0
50,48,626,1,2,1,98,2,3,3,5381,19294,9,13,3,4,0,23,2,3,1,0,0,0,0,0,1,0,1,0,0,1,0,0,0,0,1,0,0,1,0,0,0,0,0,0,0,0,1,1
1068,28,289,2,2,3,38,2,1,1,2561,5355,7,11,3,3,0,8,2,2,0,0,0,0,0,1,0,0,1,0,0,0,0,1,0,0,1,0,0,1,0,0,0,0,0,0,0,0,1,0
1228,41,552,4,3,3,60,1,2,2,6430,20794,6,19,3,2,1,10,4,3,3,2,1,2,1,0,0,1,0,0,1,0,0,0,0,0,1,0,1,0,0,0,0,0,0,0,0,1,0,0
154,32,967,8,3,2,43,3,3,4,8998,15589,1,14,3,4,0,9,2,3,9,8,3,7,0,1,0,0,0,1,0,0,1,0,0,0,0,0,0,0,0,0,0,0,1,0,0,0,1,0
669,39,1122,6,3,4,70,3,1,1,2404,4303,7,21,4,4,0,8,2,1,2,2,2,2,0,0,1,0,1,0,0,0,0,1,0,0,1,0,0,1,0,0,0,0,0,0,0,1,0,1
1133,43,990,27,3,4,87,4,1,2,4876,5855,5,12,3,3,1,8,0,3,6,4,0,2,0,0,1,0,1,0,0,0,0,0,0,1,1,0,0,1,0,0,0,0,0,0,1,0,0,0
957,40,458,16,2,3,74,3,1,3,3544,8532,9,16,3,2,1,6,0,3,4,2,0,0,1,0,0,0,1,0,0,1,0,0,0,0,1,0,0,0,0,0,0,1,0,0,1,0,0,0
1413,25,977,2,1,4,57,3,1,3,3977,7298,6,19,3,3,1,7,2,2,2,2,0,2,0,0,1,0,1,0,0,0,0,0,1,0,1,0,0,1,0,0,0,0,0,0,1,0,0,1
466,41,1276,2,5,2,91,3,4,1,16595,5626,7,16,3,2,1,22,2,3,18,16,11,8,0,0,1,0,0,1,0,1,0,0,0,0,0,0,0,0,1,0,0,0,0,0,0,1,0,0
602,30,946,2,3,3,52,2,2,4,6877,20234,5,24,4,2,0,12,4,2,0,0,0,0,0,0,1,0,1,0,0,0,0,1,0,0,0,0,0,0,0,1,0,0,0,0,0,0,1,1
992,39,1485,25,2,3,71,3,3,3,10920,3449,3,21,4,2,1,13,2,3,6,4,0,5,1,0,0,0,1,0,0,1,0,0,0,0,1,1,0,0,0,0,0,0,0,0,0,1,0,0
750,44,1448,28,3,4,53,4,4,4,13320,11737,3,18,3,3,1,23,2,3,12,11,11,11,0,0,1,0,0,1,0,0,0,1,0,0,0,0,0,0,0,0,0,0,1,0,0,1,0,1
848,35,636,4,4,4,47,2,1,4,2376,26537,1,13,3,2,1,2,2,4,2,2,2,2,0,1,0,0,1,0,0,0,0,0,1,0,1,0,0,1,0,0,0,0,0,0,0,1,0,0
952,31,1060,1,3,4,54,3,1,2,2302,8319,1,11,3,1,0,3,2,4,3,2,2,2,0,1,0,0,0,1,0,1,0,0,0,0,0,0,0,0,0,0,0,0,0,1,0,0,1,1
1075,32,495,10,3,3,64,3,3,4,11244,21072,2,25,4,2,0,10,5,4,5,2,0,0,0,0,1,0,1,0,0,0,0,1,0,0,1,0,0,0,1,0,0,0,0,0,0,0,1,0
1360,31,471,4,3,1,62,4,1,3,3978,16031,8,12,3,2,1,4,0,2,2,2,2,2,0,0,1,0,1,0,0,0,0,1,0,0,0,0,0,1,0,0,0,0,0,0,1,0,0,0
143,30,438,18,3,1,75,3,1,3,2632,23910,1,14,3,3,0,5,4,2,5,4,0,4,0,0,1,0,1,0,0,1,0,0,0,0,0,0,0,0,0,0,0,1,0,0,0,0,1,0
90,40,530,1,4,3,78,2,4,2,13503,14115,1,22,4,4,1,22,3,2,22,3,11,11,0,1,0,0,1,0,0,1,0,0,0,0,1,1,0,0,0,0,0,0,0,0,0,1,0,0
799,42,469,2,2,4,35,3,4,1,17665,14399,0,17,3,4,1,23,3,3,22,6,13,7,0,0,1,0,1,0,0,0,0,1,0,0,1,0,0,0,1,0,0,0,0,0,0,1,0,0
638,25,583,4,1,3,87,2,2,1,4256,18154,1,12,3,1,0,5,1,4,5,2,0,3,0,0,1,0,0,1,0,0,1,0,0,0,1,0,0,0,0,0,0,0,1,0,0,1,0,0
583,34,1111,8,2,3,93,3,2,1,6500,13305,5,17,3,2,1,6,1,3,3,2,1,2,0,0,1,0,0,1,0,1,0,0,0,0,0,0,0,0,0,0,0,0,1,0,0,1,0,0
296,18,230,3,3,3,54,3,1,3,1420,25233,1,13,3,3,0,0,2,3,0,0,0,0,0,0,1,0,1,0,0,1,0,0,0,0,1,0,0,1,0,0,0,0,0,0,0,0,1,0
132,31,542,20,3,2,71,1,2,3,4559,24788,3,11,3,3,1,4,2,3,2,2,2,2,0,0,1,0,0,1,0,1,0,0,0,0,0,0,0,0,0,0,0,0,1,0,0,1,0,1
564,45,954,2,2,2,46,1,2,3,6632,12388,0,13,3,1,0,9,3,3,8,7,3,1,0,0,1,0,0,1,0,0,0,0,0,1,1,0,0,0,0,0,0,0,0,1,0,0,1,0
924,35,735,6,1,3,66,3,1,3,3506,6020,0,14,3,4,0,4,3,3,3,2,2,2,0,0,1,0,1,0,0,1,0,0,0,0,1,0,0,0,0,0,0,1,0,0,0,1,0,1
168,38,702,1,4,1,59,2,2,4,8686,12930,4,22,4,3,0,12,2,4,8,3,0,7,0,0,1,0,0,1,0,1,0,0,0,0,0,0,0,0,0,0,0,0,1,0,0,0,1,0
926,43,531,4,4,4,56,2,3,4,10231,20364,3,14,3,4,0,23,3,4,21,7,15,17,0,0,1,0,0,1,0,0,1,0,0,0,0,0,0,0,0,0,0,0,1,0,0,0,1,0
910,23,373,1,2,4,47,3,1,3,1223,16901,1,22,4,4,1,1,2,3,1,0,0,1,0,0,1,0,1,0,0,1,0,0,0,0,1,0,0,0,0,0,0,1,0,0,0,1,0,0
1029,40,663,9,4,3,81,3,2,3,3975,23099,3,11,3,3,2,11,2,4,8,7,0,7,1,0,0,0,1,0,0,0,0,0,1,0,1,0,0,1,0,0,0,0,0,0,1,0,0,0
1028,41,1283,5,5,2,90,4,1,3,2127,5561,2,12,3,1,0,7,5,2,4,2,0,3,0,0,1,0,1,0,0,0,0,1,0,0,1,0,0,0,0,0,0,1,0,0,0,1,0,1
110,51,1456,1,4,1,30,2,3,1,7484,25796,3,20,4,3,0,23,1,2,13,12,12,8,0,1,0,0,1,0,0,0,0,1,0,0,0,1,0,0,0,0,0,0,0,0,0,0,1,0
396,43,1473,8,4,3,74,3,2,3,4522,2227,4,14,3,4,0,8,3,3,5,2,0,2,0,0,1,0,1,0,0,0,0,0,1,0,0,1,0,0,0,0,0,0,0,0,1,0,0,1
740,35,802,10,3,2,45,3,1,4,3917,9541,1,20,4,1,1,3,4,2,3,2,1,2,0,0,1,0,1,0,0,0,0,0,1,0,1,0,0,1,0,0,0,0,0,0,1,0,0,0
1371,56,1443,11,5,4,89,2,2,1,5380,20328,4,16,3,3,1,6,3,3,0,0,0,0,0,0,1,0,0,1,0,0,1,0,0,0,0,0,0,0,0,0,0,0,1,0,0,1,0,0
1191,31,1112,5,4,1,67,3,2,4,5476,22589,1,11,3,1,2,10,2,3,10,0,0,2,0,0,1,0,0,1,0,1,0,0,0,0,0,0,0,0,0,0,0,0,1,0,0,1,0,0
265,29,1210,2,3,1,78,2,2,2,6644,3687,2,19,3,2,2,10,2,3,0,0,0,0,0,0,1,0,0,1,0,0,0,1,0,0,1,0,0,0,0,0,0,0,1,0,0,1,0,0
771,54,1082,2,4,3,41,2,3,3,10686,8392,6,11,3,2,1,13,4,3,9,4,7,0,0,0,1,0,0,1,0,1,0,0,0,0,0,0,0,0,0,0,0,0,1,0,0,1,0,0
1190,32,977,2,3,4,45,3,2,2,5470,25518,0,13,3,3,2,10,4,2,9,5,1,6,0,0,1,0,1,0,0,0,0,1,0,0,1,0,0,0,0,0,0,1,0,0,1,0,0,0
1388,32,1146,15,4,3,34,3,2,4,6667,16542,5,18,3,2,1,9,6,3,5,1,1,2,1,0,0,0,1,0,0,0,0,1,0,0,0,1,0,0,0,0,0,0,0,0,1,0,0,0
1188,29,991,5,3,1,43,2,2,2,4187,3356,1,13,3,2,1,10,3,2,10,0,0,9,0,0,1,0,0,1,0,0,0,1,0,0,1,0,0,0,0,0,0,0,1,0,1,0,0,1
1069,28,1423,1,3,1,72,2,1,3,1563,12530,1,14,3,4,1,1,2,1,1,0,0,0,0,0,1,0,1,0,0,1,0,0,0,0,1,0,0,0,0,0,0,1,0,0,1,0,0,0
1107,38,888,10,4,3,71,3,2,3,6077,14814,3,11,3,3,0,10,2,3,6,3,1,2,0,1,0,1,0,0,1,0,0,0,0,0,1,0,1,0,0,0,0,0,0,0,0,1,0,0
690,31,616,12,3,4,41,3,2,4,5855,17369,0,11,3,3,2,10,2,1,9,7,8,5,0,0,1,0,1,0,0,0,0,1,0,0,0,1,0,0,0,0,0,0,0,0,0,1,0,1
1457,40,1194,2,4,3,98,3,1,3,2001,12549,2,14,3,2,3,20,2,3,5,3,0,2,0,0,1,0,1,0,0,0,0,1,0,0,0,0,0,0,0,0,0,1,0,0,0,1,0,0
831,31,874,15,3,3,72,3,1,3,2610,6233,1,12,3,3,1,2,5,2,2,2,2,2,0,1,0,0,1,0,0,0,0,1,0,0,1,0,0,1,0,0,0,0,0,0,0,1,0,0
534,53,970,7,3,3,59,4,4,3,14814,13514,3,19,3,3,0,32,3,3,5,1,1,3,0,0,1,0,1,0,0,1,0,0,0,0,1,0,0,0,0,0,1,0,0,0,0,1,0,0
380,24,1371,10,4,4,77,3,2,3,4260,5915,1,12,3,4,1,5,2,4,5,2,0,3,0,0,1,0,0,1,0,0,1,0,0,0,0,0,0,0,0,0,0,0,1,0,1,0,0,1
921,28,791,1,4,4,44,3,1,3,2154,6842,0,11,3,3,0,5,2,2,4,2,0,2,0,1,0,0,1,0,0,0,0,1,0,0,1,0,0,1,0,0,0,0,0,0,0,0,1,1
609,43,589,14,2,2,94,3,4,1,17159,5200,6,24,4,3,1,22,3,3,4,1,1,0,0,0,1,0,1,0,0,1,0,0,0,0,1,0,0,0,0,0,1,0,0,0,0,1,0,0
990,33,1111,5,1,2,61,3,2,4,9998,19293,6,13,3,1,0,8,2,4,5,4,1,2,0,1,0,0,0,1,0,1,0,0,0,0,1,0,0,0,0,0,0,0,1,0,0,1,0,0
1358,31,1079,10,2,3,86,3,2,4,6583,20115,2,11,3,4,1,8,2,3,5,2,1,4,0,0,1,0,0,1,0,0,0,1,0,0,0,0,0,0,0,0,0,0,1,0,1,0,0,1
1275,51,942,3,3,1,53,3,3,3,13116,22984,2,11,3,4,0,15,2,3,2,2,2,2,0,0,1,0,1,0,0,0,0,0,0,1,0,0,0,0,1,0,0,0,0,0,0,1,0,0
325,31,798,7,2,3,48,2,3,3,8943,14034,1,24,4,1,1,10,2,3,10,9,8,9,0,1,0,0,1,0,0,1,0,0,0,0,0,0,0,0,0,1,0,0,0,0,0,1,0,0
811,38,130,2,2,4,32,3,3,2,7351,20619,7,16,3,3,0,10,2,3,1,0,0,0,0,0,1,0,0,1,0,0,1,0,0,0,1,0,0,0,0,0,0,0,1,0,0,0,1,0
976,56,1369,23,3,4,68,3,4,2,13402,18235,4,12,3,1,1,33,0,3,19,16,15,9,0,0,1,0,1,0,0,1,0,0,0,0,1,0,0,0,0,1,0,0,0,0,0,1,0,1
103,34,665,6,4,1,41,3,2,3,4809,12482,1,14,3,3,0,16,3,3,16,13,2,10,0,0,1,0,1,0,0,0,0,0,1,0,0,0,0,0,0,0,0,1,0,0,0,0,1,0
423,30,1398,22,4,3,69,3,3,1,8412,2890,0,11,3,3,0,10,3,3,9,8,7,8,1,0,0,0,0,1,0,0,0,0,1,0,0,0,0,0,0,0,0,0,1,0,0,1,0,0
386,37,1107,14,3,4,95,3,1,1,3034,26914,1,12,3,3,1,18,2,2,18,7,12,17,0,0,1,0,1,0,0,1,0,0,0,0,0,0,0,1,0,0,0,0,0,0,1,0,0,0
871,24,984,17,2,4,97,3,1,2,2210,3372,1,13,3,1,1,1,3,1,1,0,0,0,0,0,1,0,1,0,0,1,0,0,0,0,0,0,0,1,0,0,0,0,0,0,0,1,0,0
137,39,1329,4,4,4,47,2,2,3,5902,14590,4,14,3,3,1,17,1,4,15,11,5,9,0,0,1,0,0,1,0,1,0,0,0,0,0,0,0,0,0,0,0,0,1,0,0,1,0,0
1425,33,501,15,2,2,95,3,2,4,4878,21653,0,13,3,1,1,10,6,3,9,7,8,1,0,0,1,0,1,0,0,0,0,1,0,0,0,1,0,0,0,0,0,0,0,0,0,1,0,1
563,25,883,26,1,3,32,3,2,4,6180,22807,1,23,4,2,0,6,5,2,6,5,1,4,0,0,1,0,0,1,0,0,0,1,0,0,0,0,0,0,0,0,0,0,1,0,0,0,1,0
437,30,413,7,1,4,57,3,1,2,2983,18398,0,14,3,1,0,4,3,3,3,2,1,2,0,0,1,0,0,1,0,0,1,0,0,0,1,0,0,0,0,0,0,0,0,1,0,0,1,0
213,51,1469,8,4,2,81,2,3,2,12490,15736,5,16,3,4,2,16,5,1,10,9,4,7,0,0,1,0,1,0,0,1,0,0,0,0,1,0,0,0,0,0,1,0,0,0,0,1,0,0
411,60,422,7,3,1,41,3,5,1,19566,3854,5,11,3,4,0,33,5,1,29,8,11,10,0,0,1,0,1,0,0,1,0,0,0,0,0,0,0,0,1,0,0,0,0,0,0,1,0,0
512,27,1115,3,4,1,54,2,1,4,2045,15174,0,13,3,4,0,5,0,3,4,2,1,1,0,0,1,0,1,0,0,0,0,1,0,0,1,0,0,0,0,0,0,1,0,0,0,0,1,0
1430,38,201,10,3,2,99,1,3,3,13206,3376,3,12,3,1,1,20,3,3,18,16,1,11,0,0,1,0,1,0,0,0,0,1,0,0,0,0,0,0,0,0,1,0,0,0,0,1,0,0
684,40,658,10,4,1,67,2,3,2,9705,20652,2,12,3,2,1,11,2,2,1,0,0,0,0,0,1,0,0,1,0,0,1,0,0,0,1,0,0,0,0,0,0,0,1,0,1,0,0,0
284,26,496,11,2,1,60,3,2,1,4741,22722,1,13,3,3,1,5,3,3,5,3,3,3,0,1,0,0,1,0,0,0,0,1,0,0,1,1,0,0,0,0,0,0,0,0,0,1,0,1
752,36,885,16,4,3,43,4,1,1,2743,8269,1,16,3,3,0,18,1,3,17,13,15,14,0,0,1,0,1,0,0,1,0,0,0,0,0,0,0,1,0,0,0,0,0,0,0,0,1,0
854,45,1457,7,3,1,83,3,1,3,4477,20100,4,19,3,3,1,7,2,2,3,2,0,2,0,0,1,0,1,0,0,0,0,1,0,0,0,0,0,0,0,0,0,1,0,0,0,1,0,1
56,35,853,18,5,2,71,3,3,1,9069,11031,1,22,4,4,1,9,3,2,9,8,1,8,0,1,0,0,0,1,0,1,0,0,0,0,1,0,0,0,0,0,0,0,1,0,0,1,0,0
718,45,248,23,2,4,42,3,2,1,3633,14039,1,15,3,3,1,9,2,3,9,8,0,8,1,0,0,0,1,0,0,1,0,0,0,0,1,0,0,1,0,0,0,0,0,0,0,1,0,1
711,29,906,10,3,4,92,2,1,1,2404,11479,6,20,4,3,0,3,5,3,0,0,0,0,0,0,1,0,1,0,0,1,0,0,0,0,0,0,0,0,0,0,0,1,0,0,0,0,1,1
357,21,756,1,1,1,99,2,1,2,2174,9150,1,11,3,3,0,3,3,3,3,2,1,2,0,1,0,0,0,1,0,0,0,0,0,1,0,0,0,0,0,0,0,0,0,1,0,0,1,1
304,39,1132,1,3,3,48,4,3,4,9613,10942,0,17,3,1,3,19,5,2,18,10,3,7,0,0,1,0,1,0,0,0,0,1,0,0,1,1,0,0,0,0,0,0,0,0,1,0,0,0
49,35,1229,8,1,4,36,4,1,4,2269,4892,1,19,3,4,0,1,2,3,1,0,0,1,0,0,1,0,1,0,0,1,0,0,0,0,1,0,0,1,0,0,0,0,0,0,0,1,0,0
204,38,1180,29,1,2,70,3,2,1,6673,11354,7,19,3,2,0,17,2,3,1,0,0,0,0,0,1,0,1,0,0,0,0,1,0,0,1,1,0,0,0,0,0,0,0,0,0,1,0,1
765,38,1186,3,4,3,44,3,1,3,2821,2997,3,16,3,1,1,8,2,3,2,2,2,2,0,1,0,0,1,0,0,0,0,0,1,0,1,0,0,0,0,0,0,1,0,0,0,1,0,0
279,50,797,4,1,1,96,3,5,2,19144,15815,3,14,3,1,2,28,4,2,10,4,1,6,0,0,1,0,1,0,0,1,0,0,0,0,1,0,0,0,0,0,1,0,0,0,1,0,0,0
1410,40,444,2,2,2,92,3,2,2,5677,4258,3,14,3,3,1,15,4,3,11,8,5,10,0,0,1,0,0,1,0,0,1,0,0,0,0,0,0,0,0,0,0,0,1,0,0,1,0,0
498,22,604,6,1,1,69,3,1,3,2773,12145,0,20,4,4,0,3,3,3,2,2,2,2,0,0,1,0,1,0,0,0,0,1,0,0,1,0,0,0,0,0,0,1,0,0,0,1,0,0
485,27,798,6,4,1,66,2,1,3,2187,5013,0,12,3,3,2,6,5,2,5,3,0,3,0,0,1,0,1,0,0,0,0,1,0,0,0,0,0,0,0,0,0,1,0,0,1,0,0,0
768,40,300,26,3,3,74,3,2,1,8396,22217,1,14,3,2,1,8,3,2,7,7,7,5,0,0,1,0,0,1,0,0,1,0,0,0,1,0,0,0,0,0,0,0,1,0,0,1,0,0
188,34,1069,2,1,4,45,2,2,3,9547,14074,1,17,3,3,0,10,2,2,10,9,1,9,0,1,0,0,1,0,0,1,0,0,0,0,1,0,0,0,0,1,0,0,0,0,0,1,0,0
1103,48,492,16,4,3,96,3,2,3,6439,13693,8,14,3,3,1,18,2,3,8,7,7,7,0,0,1,0,0,1,0,1,0,0,0,0,0,0,0,0,0,0,0,0,1,0,1,0,0,0
900,36,469,3,3,3,46,3,1,2,3692,9256,1,12,3,3,0,12,2,2,11,10,0,7,0,1,0,0,1,0,0,0,0,0,0,1,1,0,0,0,0,0,0,1,0,0,0,1,0,0
1175,39,492,12,3,4,66,3,2,2,5295,7693,4,21,4,3,0,7,3,3,5,4,1,0,0,0,1,0,1,0,0,0,0,1,0,0,1,0,0,0,0,1,0,0,0,0,0,1,0,0
983,34,404,2,4,3,98,3,2,4,6687,6163,1,11,3,4,0,14,2,4,14,11,4,11,0,0,1,0,1,0,0,0,0,0,0,1,0,1,0,0,0,0,0,0,0,0,0,0,1,0
414,24,1448,1,1,1,62,3,1,2,3202,21972,1,16,3,2,0,6,4,3,5,3,1,4,0,0,1,0,0,1,0,0,0,0,0,1,0,0,0,0,0,0,0,0,0,1,0,0,1,1
758,59,1089,1,2,2,66,3,3,4,11904,11038,3,14,3,3,1,14,1,1,6,4,0,4,0,0,1,0,0,1,0,0,0,0,0,1,1,0,0,0,1,0,0,0,0,0,0,1,0,1
1247,31,1003,5,3,1,51,3,2,3,8346,20943,1,19,3,3,1,6,3,3,5,2,0,2,0,0,1,0,0,1,0,0,0,0,0,1,1,0,0,0,0,0,0,0,1,0,0,1,0,0
1453,36,1120,11,4,2,100,2,2,4,6652,14369,4,13,3,1,1,8,2,2,6,3,0,0,0,0,1,0,0,1,0,0,1,0,0,0,0,0,0,0,0,0,0,0,1,0,0,1,0,0
239,32,515,1,3,4,62,2,1,3,3730,9571,0,14,3,4,0,4,2,1,3,2,1,2,0,0,1,0,1,0,0,1,0,0,0,0,1,0,0,1,0,0,0,0,0,0,0,0,1,1
1354,56,1162,24,2,1,97,3,1,4,2587,10261,1,16,3,4,0,5,3,3,4,2,1,0,0,0,1,0,1,0,0,1,0,0,0,0,1,0,0,1,0,0,0,0,0,0,0,0,1,0
1024,47,359,2,4,1,82,3,4,3,17169,26703,3,19,3,2,2,26,2,4,20,17,5,6,0,0,1,0,1,0,0,0,0,1,0,0,0,0,0,0,0,0,1,0,0,0,0,1,0,0
271,47,666,29,4,1,88,3,3,2,11849,10268,1,12,3,4,1,10,2,2,10,7,9,9,1,0,0,0,1,0,0,1,0,0,0,0,1,0,0,0,1,0,0,0,0,0,0,1,0,1
494,34,204,14,3,3,31,3,1,3,2579,2912,1,18,3,4,2,8,3,3,8,2,0,6,0,0,1,0,0,1,0,0,0,0,0,1,0,0,0,0,0,0,0,0,0,1,1,0,0,1
256,42,269,2,3,4,56,2,1,1,2593,8007,0,11,3,3,1,10,4,3,9,6,7,8,0,0,1,0,1,0,0,0,0,1,0,0,0,0,0,1,0,0,0,0,0,0,1,0,0,1
0,41,1102,1,2,2,94,3,2,4,5993,19479,8,11,3,1,0,8,0,1,6,4,0,5,0,0,1,0,0,1,0,1,0,0,0,0,0,0,0,0,0,0,0,0,1,0,0,0,1,1
1077,29,224,1,4,1,100,2,1,1,2362,7568,6,13,3,3,0,11,2,1,9,7,0,7,0,0,1,0,1,0,0,0,0,0,0,1,1,0,0,0,0,0,0,1,0,0,0,0,1,0
81,35,1214,1,3,2,30,2,1,3,2859,26278,1,18,3,1,0,6,3,3,6,4,0,4,0,0,1,0,1,0,0,0,0,1,0,0,1,0,0,0,0,0,0,1,0,0,0,0,1,0
899,49,1098,4,2,1,85,2,5,3,18711,12124,2,13,3,3,1,23,2,4,1,0,0,0,0,0,1,0,1,0,0,0,0,1,0,0,1,0,0,0,1,0,0,0,0,0,0,1,0,0
269,36,1403,6,3,4,47,3,1,4,3210,20251,0,11,3,3,1,16,4,3,15,13,10,11,0,0,1,0,1,0,0,1,0,0,0,0,1,0,0,1,0,0,0,0,0,0,0,1,0,0
1352,44,170,1,4,2,78,4,2,1,5033,9364,2,15,3,4,1,10,5,3,2,0,2,2,0,0,1,0,1,0,0,1,0,0,0,0,1,1,0,0,0,0,0,0,0,0,0,1,0,0
591,33,118,16,3,1,69,3,2,1,5324,26507,5,15,3,3,0,6,3,3,3,2,0,2,0,0,1,0,0,1,0,0,1,0,0,0,0,0,0,0,0,0,0,0,1,0,0,0,1,0
801,50,959,1,4,4,81,3,2,3,4728,17251,3,14,3,4,0,5,4,3,0,0,0,0,0,1,0,0,0,1,0,0,0,0,1,0,1,0,0,0,0,0,0,0,1,0,0,0,1,1
1153,18,544,3,2,2,70,3,1,4,1569,18420,1,12,3,3,0,0,2,4,0,0,0,0,0,1,0,0,0,1,0,0,0,1,0,0,0,0,0,0,0,0,0,0,0,1,0,0,1,1
749,52,266,2,1,1,57,1,5,4,19845,25846,1,15,3,4,1,33,3,3,32,14,6,9,0,0,1,0,0,1,0,0,1,0,0,0,0,0,0,0,1,0,0,0,0,0,0,1,0,0
526,39,408,2,4,4,80,2,2,3,4553,20978,1,11,3,1,0,20,4,3,20,7,11,10,0,0,1,0,1,0,0,0,0,0,0,1,0,1,0,0,0,0,0,0,0,0,0,0,1,0
112,54,142,26,3,4,30,4,4,4,17328,13871,2,12,3,3,0,23,3,3,5,3,4,4,1,0,0,1,0,0,1,0,0,0,0,0,0,0,0,0,1,0,0,0,0,0,0,0,1,1
908,33,536,10,5,4,82,4,3,3,8380,21708,0,14,3,4,2,10,3,3,9,8,0,8,0,0,1,0,0,1,0,0,1,0,0,0,1,0,0,0,0,0,0,0,1,0,1,0,0,1
501,30,160,3,3,3,71,3,1,3,2083,22653,1,20,4,3,1,1,2,3,1,0,0,0,0,1,0,0,1,0,0,0,0,1,0,0,0,0,0,0,0,0,0,1,0,0,1,0,0,0
625,45,930,9,3,4,74,3,3,1,10761,19239,4,12,3,3,1,18,2,3,5,4,0,2,0,0,1,0,0,1,0,0,1,0,0,0,1,0,0,0,0,0,0,0,1,0,1,0,0,1
85,56,1400,7,3,4,49,1,3,4,7260,21698,4,11,3,1,0,37,3,2,6,4,0,2,0,0,1,0,1,0,0,1,0,0,0,0,1,0,0,0,0,1,0,0,0,0,0,0,1,0
1273,22,1294,8,1,3,79,3,1,1,2398,15999,1,17,3,3,0,1,6,3,1,0,0,0,0,0,1,0,1,0,0,0,0,1,0,0,0,0,0,1,0,0,0,0,0,0,0,1,0,1
71,29,1328,2,3,3,76,3,1,2,2703,4956,0,23,4,4,1,6,3,3,5,4,0,4,0,0,1,0,1,0,0,1,0,0,0,0,1,0,0,0,0,0,0,1,0,0,0,1,0,0
920,34,135,19,3,3,46,3,2,2,4444,22534,4,13,3,3,2,15,2,4,11,8,5,10,0,1,0,0,1,0,0,0,0,1,0,0,0,0,0,1,0,0,0,0,0,0,1,0,0,0
262,32,128,2,1,4,84,2,2,1,2176,19737,4,13,3,4,0,9,5,3,6,2,0,4,0,0,1,0,1,0,0,0,0,0,0,1,1,0,0,1,0,0,0,0,0,0,0,0,1,0
1197,20,727,9,1,4,54,3,1,1,2728,21082,1,11,3,1,0,2,3,3,2,2,0,2,0,0,1,0,0,1,0,1,0,0,0,0,1,0,0,0,0,0,0,0,0,1,0,0,1,0
95,54,1217,2,4,1,60,3,3,3,13549,24001,9,12,3,1,1,16,5,1,4,3,0,3,0,0,1,0,1,0,0,0,0,0,0,1,0,0,0,0,0,0,1,0,0,0,0,1,0,0
1123,35,670,10,4,1,51,3,2,3,6142,4223,3,16,3,3,0,10,4,3,5,2,0,4,0,0,1,0,1,0,0,0,0,1,0,0,0,1,0,0,0,0,0,0,0,0,0,0,1,1
517,25,810,8,3,4,57,4,2,2,4851,15678,0,22,4,3,1,4,4,3,3,2,1,2,0,0,1,0,0,1,0,1,0,0,0,0,1,0,0,0,0,0,0,0,1,0,0,1,0,0
1184,54,584,22,5,2,91,3,4,3,17426,18685,3,25,4,3,1,36,6,3,10,8,4,7,0,0,1,0,1,0,0,0,0,1,0,0,0,0,0,0,1,0,0,0,0,0,0,1,0,0
86,23,541,2,1,3,62,3,1,1,2322,9518,3,13,3,3,1,3,3,3,0,0,0,0,0,0,1,0,0,1,0,0,0,0,0,1,1,0,0,0,0,0,0,0,0,1,1,0,0,0
1414,47,1180,25,3,1,84,3,3,3,8633,13084,2,23,4,2,0,25,3,3,17,14,12,11,0,0,1,0,1,0,0,0,0,1,0,0,1,1,0,0,0,0,0,0,0,0,0,0,1,0
285,37,1372,1,3,4,42,3,1,4,2115,15881,1,12,3,2,0,17,3,3,17,12,5,7,0,0,1,0,1,0,0,1,0,0,0,0,0,0,0,0,0,0,0,1,0,0,0,0,1,0
1256,38,594,2,2,3,75,2,1,2,2468,15963,4,14,3,2,1,9,4,2,6,1,0,5,0,1,0,0,1,0,0,0,0,1,0,0,0,0,0,1,0,0,0,0,0,0,0,1,0,0
47,37,408,19,2,2,73,3,1,2,3022,10227,4,21,4,1,0,8,1,3,1,0,0,0,0,0,1,0,1,0,0,1,0,0,0,0,1,0,0,0,0,0,0,1,0,0,0,1,0,0
532,47,703,14,4,4,42,3,2,1,4960,11825,2,12,3,4,0,20,2,3,7,7,1,7,0,0,1,0,0,1,0,0,1,0,0,0,1,0,0,0,0,0,0,0,1,0,0,0,1,0
467,37,142,9,4,1,69,3,3,2,8834,24666,1,13,3,4,1,9,6,3,9,5,7,7,1,0,0,0,0,1,0,0,0,1,0,0,1,0,0,0,0,0,0,0,1,0,1,0,0,0
1193,38,148,2,3,4,42,2,1,2,2440,23826,1,22,4,2,0,4,3,3,4,3,3,3,0,1,0,0,1,0,0,0,0,1,0,0,0,0,0,1,0,0,0,0,0,0,0,0,1,0
98,58,682,10,4,4,37,3,4,3,13872,24409,0,13,3,3,0,38,1,2,37,10,1,8,0,0,1,0,0,1,0,0,0,1,0,0,1,0,0,0,0,0,0,0,1,0,0,0,1,0
1227,31,741,2,4,2,69,3,1,3,3477,18103,1,14,3,4,1,6,2,4,5,2,0,3,0,0,1,0,1,0,0,1,0,0,0,0,1,0,0,1,0,0,0,0,0,0,0,1,0,0
902,27,1167,4,2,1,76,3,1,3,2517,3208,1,11,3,2,3,5,2,3,5,3,0,3,0,0,1,0,1,0,0,1,0,0,0,0,1,0,0,0,0,0,0,1,0,0,1,0,0,0
1230,24,506,29,1,2,91,3,1,1,3907,3622,1,13,3,2,3,6,2,4,6,2,1,2,0,0,1,0,1,0,0,0,0,1,0,0,1,0,0,1,0,0,0,0,0,0,1,0,0,0
869,46,1450,15,2,4,52,3,5,2,19081,10849,5,11,3,1,1,25,2,3,4,2,0,3,0,0,1,0,1,0,0,1,0,0,0,0,1,0,0,0,0,0,1,0,0,0,0,1,0,0
554,27,975,7,3,4,55,2,2,1,6811,23398,8,19,3,1,0,9,2,1,7,6,0,7,0,0,1,0,1,0,0,0,0,1,0,0,0,1,0,0,0,0,0,0,0,0,0,0,1,0
79,46,945,5,2,2,80,3,2,2,5021,10425,8,22,4,4,1,16,2,3,4,2,0,2,0,0,1,1,0,0,0,0,0,1,0,0,1,0,1,0,0,0,0,0,0,0,1,0,0,1
28,44,477,7,4,1,42,2,3,4,10248,2094,3,14,3,4,1,24,4,3,22,6,5,17,0,0,1,0,1,0,0,0,0,1,0,0,0,1,0,0,0,0,0,0,0,0,0,1,0,0
1066,33,1099,4,4,1,82,2,1,2,3838,8192,8,11,3,4,0,8,5,3,5,4,0,2,0,0,1,0,1,0,0,0,0,1,0,0,0,0,0,1,0,0,0,0,0,0,0,1,0,0
363,33,350,5,3,4,34,3,1,3,2851,9150,1,13,3,2,0,1,2,3,1,0,0,0,0,0,1,0,0,1,0,0,1,0,0,0,0,0,0,0,0,0,0,0,0,1,0,0,1,1
741,42,265,5,2,4,90,3,5,3,18303,7770,6,13,3,2,0,21,3,4,1,0,0,0,0,0,1,0,0,1,0,0,1,0,0,0,1,0,0,0,1,0,0,0,0,0,0,1,0,0
164,27,1450,3,3,3,79,2,1,3,2566,25326,1,15,3,4,1,1,2,2,1,1,0,1,1,0,0,0,1,0,0,0,0,1,0,0,1,0,0,0,0,0,0,1,0,0,1,0,0,1
1157,35,208,8,4,3,52,3,2,3,4148,12250,1,12,3,4,1,15,5,3,14,11,2,9,1,0,0,0,1,0,0,1,0,0,0,0,0,1,0,0,0,0,0,0,0,0,0,1,0,0
1172,29,469,10,3,3,42,2,2,3,5869,23413,9,11,3,3,0,8,2,3,5,2,1,4,0,0,1,0,0,1,0,0,0,1,0,0,1,0,0,0,0,0,0,0,1,0,0,0,1,0
449,39,443,8,1,3,48,3,1,3,3755,17872,1,11,3,1,1,8,3,3,8,3,0,7,0,1,0,0,1,0,0,1,0,0,0,0,0,0,0,1,0,0,0,0,0,0,0,1,0,0
918,51,237,9,3,4,83,3,5,2,19847,19196,4,24,4,1,1,31,5,2,29,10,11,10,0,1,0,0,0,1,0,1,0,0,0,0,1,0,0,0,1,0,0,0,0,0,1,0,0,1
181,34,629,27,2,4,95,3,1,2,2311,5711,2,15,3,4,0,9,3,3,3,2,1,2,0,0,1,0,1,0,0,0,0,1,0,0,0,0,0,0,0,0,0,1,0,0,0,0,1,0
1291,37,370,10,4,4,58,3,2,1,4213,4992,1,15,3,2,0,10,4,1,10,3,0,8,0,0,1,0,1,0,0,0,0,1,0,0,1,0,0,0,0,1,0,0,0,0,0,0,1,0
217,29,992,1,3,3,85,3,1,3,2058,19757,0,14,3,4,0,7,1,2,6,2,1,5,0,0,1,0,1,0,0,0,0,0,0,1,1,0,0,0,0,0,0,1,0,0,0,0,1,0
152,53,1436,6,2,2,34,3,2,3,2306,16047,2,20,4,4,1,13,3,1,7,7,4,5,0,0,1,0,0,1,0,0,1,0,0,0,1,0,0,0,0,0,0,0,0,1,0,1,0,1
1441,56,667,1,4,3,57,3,2,3,6306,26236,1,21,4,1,1,13,2,2,13,12,1,9,1,0,0,0,1,0,0,1,0,0,0,0,1,1,0,0,0,0,0,0,0,0,1,0,0,0
759,45,788,24,4,2,36,3,1,2,2177,8318,1,16,3,1,0,6,3,3,6,3,0,4,0,0,1,1,0,0,0,0,0,1,0,0,1,0,1,0,0,0,0,0,0,0,0,0,1,0
376,51,1178,14,2,3,87,3,2,4,4936,14862,4,11,3,3,1,18,2,2,7,7,0,7,0,0,1,0,0,1,0,1,0,0,0,0,0,0,0,0,0,0,0,0,1,0,0,1,0,0
991,32,499,2,1,3,36,3,2,2,4078,20497,0,13,3,1,3,4,3,2,3,2,1,2,0,0,1,0,0,1,0,0,1,0,0,0,1,0,0,0,0,0,0,0,1,0,0,1,0,1
1344,37,783,7,4,4,78,3,2,1,4284,13588,5,22,4,3,1,16,2,3,5,3,0,4,0,0,1,0,1,0,0,0,0,1,0,0,1,0,0,0,0,0,0,1,0,0,0,1,0,1
880,32,116,13,3,3,77,2,1,2,2743,7331,1,20,4,3,1,2,2,3,2,2,2,2,0,1,0,0,1,0,0,0,0,0,1,0,0,0,0,1,0,0,0,0,0,0,0,1,0,0
223,38,119,3,3,1,76,3,3,3,10609,9647,0,12,3,3,2,17,6,2,16,10,5,13,0,0,1,0,0,1,0,1,0,0,0,0,1,0,0,0,0,0,0,0,1,0,1,0,0,0
14,28,103,24,3,3,50,2,1,3,2028,12947,5,14,3,2,0,6,4,3,4,2,0,3,0,0,1,0,1,0,0,1,0,0,0,0,1,0,0,1,0,0,0,0,0,0,0,0,1,1
853,19,645,9,2,3,54,3,1,1,2552,7172,1,25,4,3,0,1,4,3,1,1,0,0,0,0,1,0,1,0,0,1,0,0,0,0,1,0,0,0,0,0,0,1,0,0,0,0,1,0
1047,33,430,7,3,4,54,3,2,1,4373,17456,0,14,3,1,2,5,2,3,4,3,0,3,0,1,0,0,0,1,0,0,0,1,0,0,1,0,0,0,0,0,0,0,1,0,0,1,0,0
158,40,630,4,4,3,67,2,3,4,10855,8552,7,11,3,1,1,15,2,2,12,11,2,11,0,0,1,0,0,1,0,0,1,0,0,0,1,0,0,0,0,0,0,0,1,0,0,1,0,0
369,31,408,9,4,3,42,2,1,2,2657,7551,0,16,3,4,0,3,5,3,2,2,2,2,0,0,1,0,1,0,0,1,0,0,0,0,1,0,0,0,0,0,0,1,0,0,0,0,1,1
1404,42,335,23,2,4,37,2,2,3,4332,14811,1,12,3,4,0,20,2,3,20,9,3,7,1,0,0,0,1,0,0,1,0,0,0,0,1,0,0,0,0,0,0,1,0,0,0,0,1,0
810,46,406,3,1,1,52,3,4,3,17465,15596,3,12,3,4,1,23,3,3,12,9,4,9,0,0,1,0,0,1,0,0,1,0,0,0,1,0,0,0,1,0,0,0,0,0,0,1,0,0
270,55,452,1,3,4,81,3,5,1,19045,18938,0,14,3,3,0,37,2,3,36,10,4,13,0,0,1,0,1,0,0,0,0,1,0,0,1,0,0,0,1,0,0,0,0,0,0,0,1,1
1216,43,1179,2,3,4,73,3,2,4,7847,6069,1,17,3,1,1,10,3,3,10,9,8,8,0,0,1,0,0,1,0,0,0,1,0,0,1,0,0,0,0,0,0,0,1,0,0,1,0,1
240,39,1431,1,4,3,96,3,1,3,2232,15417,7,14,3,3,3,7,1,3,3,2,1,2,0,0,1,0,1,0,0,0,0,1,0,0,0,0,0,1,0,0,0,0,0,0,1,0,0,0
1208,34,1157,5,2,2,57,2,2,4,3986,11912,1,14,3,3,1,15,3,4,15,10,4,13,0,0,1,0,1,0,0,0,0,1,0,0,1,0,0,1,0,0,0,0,0,0,0,1,0,0
644,31,1222,11,4,4,48,3,1,4,2356,14871,3,19,3,2,1,8,2,3,6,4,0,2,0,0,1,0,1,0,0,1,0,0,0,0,1,0,0,0,0,0,0,1,0,0,0,1,0,1
635,35,607,9,3,4,66,2,3,3,10685,23457,1,20,4,2,1,17,2,3,17,14,5,15,0,0,1,0,1,0,0,1,0,0,0,0,0,0,0,0,0,1,0,0,0,0,0,1,0,1
34,24,813,1,3,2,61,3,1,4,2293,3020,2,16,3,1,1,6,2,2,2,0,2,0,0,0,1,0,1,0,0,0,0,1,0,0,1,0,0,0,0,0,0,1,0,0,0,1,0,1
1185,43,1291,15,2,3,65,2,4,3,17603,3525,1,24,4,1,1,14,3,3,14,10,6,11,0,0,1,0,1,0,0,1,0,0,0,0,1,0,0,0,0,0,1,0,0,0,0,1,0,0
1116,55,685,26,5,3,60,2,5,4,19586,23037,1,21,4,3,1,36,3,3,36,6,2,13,0,0,1,0,0,1,0,0,1,0,0,0,1,0,0,0,1,0,0,0,0,0,0,1,0,0
1151,28,580,27,3,2,39,1,2,1,4877,20460,0,21,4,2,1,6,5,2,5,3,0,0,0,0,1,0,1,0,0,0,0,1,0,0,0,0,0,0,0,1,0,0,0,0,1,0,0,0
227,29,1413,1,1,2,42,3,3,4,7918,6599,1,14,3,4,1,11,5,3,11,10,4,1,0,1,0,0,0,1,0,0,0,1,0,0,0,0,0,0,0,0,0,0,1,0,0,1,0,0
1081,35,1029,16,3,4,91,2,3,2,8606,21195,1,19,3,4,0,11,3,1,11,8,3,3,0,0,1,0,1,0,0,1,0,0,0,0,0,1,0,0,0,0,0,0,0,0,0,0,1,0
307,38,849,25,2,1,81,2,3,2,12061,26707,3,17,3,3,1,19,2,3,10,8,0,1,0,0,1,0,1,0,0,1,0,0,0,0,0,0,0,0,0,0,1,0,0,0,0,1,0,0
237,52,771,2,4,1,79,2,5,3,19068,21030,1,18,3,4,0,33,2,4,33,7,15,12,1,0,0,0,0,1,0,1,0,0,0,0,1,0,0,0,1,0,0,0,0,0,0,0,1,1
971,51,1405,11,2,4,82,2,4,2,13142,24439,3,16,3,2,0,29,1,2,5,2,0,3,0,0,1,0,1,0,0,0,0,0,0,1,0,0,0,0,0,1,0,0,0,0,0,0,1,0
1073,28,1083,29,1,3,96,1,2,2,6549,3173,1,14,3,2,2,8,2,2,8,6,1,7,0,0,1,0,1,0,0,1,0,0,0,0,1,0,0,0,0,1,0,0,0,0,0,1,0,0
878,42,179,2,5,4,79,4,2,1,6272,12858,7,16,3,1,1,10,3,4,4,3,0,3,1,0,0,1,0,0,0,0,0,1,0,0,1,0,1,0,0,0,0,0,0,0,0,1,0,0
1112,38,903,2,3,3,81,3,2,2,4855,7653,4,11,3,1,2,7,2,3,5,2,1,4,0,0,1,0,1,0,0,0,0,1,0,0,1,0,0,0,0,1,0,0,0,0,0,1,0,0
1098,40,1142,8,2,4,72,3,2,4,4069,8841,3,18,3,3,0,8,2,3,2,2,2,2,1,0,0,0,1,0,0,1,0,0,0,0,1,1,0,0,0,0,0,0,0,0,1,0,0,1
1258,29,590,4,3,4,91,2,1,1,2109,10007,1,13,3,3,1,1,2,3,1,0,0,0,0,0,1,0,1,0,0,0,0,0,0,1,0,0,0,0,0,0,0,1,0,0,1,0,0,0
1043,53,447,2,3,4,39,4,4,2,16598,19764,4,12,3,2,0,35,2,2,9,8,8,8,0,0,1,0,1,0,0,0,0,1,0,0,1,0,0,0,0,0,1,0,0,0,0,0,1,0
597,42,932,1,2,4,43,2,2,4,6062,4051,9,13,3,4,1,8,4,3,4,3,0,2,0,0,1,0,1,0,0,1,0,0,0,0,0,0,0,0,0,1,0,0,0,0,0,1,0,1
403,41,645,1,3,2,49,4,3,1,8392,19566,1,16,3,3,1,10,2,3,10,7,0,7,0,0,1,0,0,1,0,0,1,0,0,0,1,0,0,0,0,0,0,0,1,0,0,1,0,0
806,52,994,7,4,2,87,3,3,2,10445,15322,7,19,3,4,0,18,4,3,8,6,4,0,0,0,1,0,1,0,0,1,0,0,0,0,1,1,0,0,0,0,0,0,0,0,0,0,1,0
1030,31,326,8,2,1,31,3,3,4,10793,8386,1,18,3,1,1,13,5,3,13,7,9,9,0,0,1,0,0,1,0,1,0,0,0,0,1,0,0,0,0,0,0,0,1,0,1,0,0,0
1179,34,1130,3,3,4,66,3,2,2,5433,19332,1,12,3,3,1,11,2,3,11,8,7,9,0,0,1,0,1,0,0,1,0,0,0,0,0,0,0,0,0,0,0,1,0,0,1,0,0,0
1128,36,1302,6,4,1,80,4,2,1,5562,19711,3,13,3,4,1,9,3,3,3,2,0,2,0,1,0,0,1,0,0,1,0,0,0,0,1,0,0,1,0,0,0,0,0,0,0,1,0,1
670,27,618,4,3,2,76,3,1,3,2318,17808,1,19,3,3,0,1,2,3,1,1,0,0,0,0,1,0,1,0,0,1,0,0,0,0,0,0,0,0,0,0,0,1,0,0,0,0,1,0
1071,49,271,3,2,3,43,2,2,1,4789,23070,4,25,4,1,1,10,3,3,3,2,1,2,0,0,1,0,1,0,0,0,0,1,0,0,0,0,0,1,0,0,0,0,0,0,0,1,0,0
936,45,364,25,3,2,83,3,5,2,18061,13035,3,22,4,3,0,22,4,3,0,0,0,0,0,1,0,0,1,0,0,0,0,1,0,0,0,0,0,0,1,0,0,0,0,0,0,0,1,0
822,34,1003,2,2,4,95,3,2,3,4033,15834,2,11,3,4,0,5,3,2,3,2,0,2,0,1,0,0,1,0,0,1,0,0,0,0,1,0,0,0,0,1,0,0,0,0,0,0,1,0
417,40,1398,2,4,3,79,3,5,3,18041,13022,0,14,3,4,0,21,2,3,20,15,1,12,0,0,1,0,0,1,0,1,0,0,0,0,0,0,0,0,1,0,0,0,0,0,0,1,0,0
689,20,129,4,3,1,84,3,1,1,2973,13008,1,19,3,2,0,1,2,3,1,0,0,0,0,0,1,0,1,0,0,0,0,0,0,1,1,0,0,1,0,0,0,0,0,0,0,0,1,0
471,38,1495,10,3,3,76,3,2,3,9824,22174,3,19,3,3,1,18,4,3,1,0,0,0,0,0,1,0,1,0,0,0,0,1,0,0,0,1,0,0,0,0,0,0,0,0,0,1,0,0
998,26,683,2,1,1,36,2,1,4,3904,4050,0,12,3,4,0,5,2,3,4,3,1,1,0,0,1,0,1,0,0,0,0,1,0,0,1,0,0,0,0,0,0,1,0,0,0,0,1,0
1111,53,607,2,5,3,78,2,3,4,10169,14618,0,16,3,2,1,34,4,3,33,7,1,9,0,0,1,0,1,0,0,0,0,0,0,1,0,0,0,0,0,1,0,0,0,0,0,1,0,0
343,29,144,10,1,4,39,2,2,2,8268,11866,1,14,3,1,2,7,2,3,7,7,1,7,0,0,1,0,0,1,0,0,1,0,0,0,0,0,0,0,0,0,0,0,1,0,1,0,0,1
1269,43,244,2,3,2,97,3,1,4,3539,5033,0,13,3,2,0,10,5,3,9,7,1,8,0,0,1,1,0,0,0,1,0,0,0,0,1,0,1,0,0,0,0,0,0,0,0,0,1,0
348,42,810,23,5,1,44,3,4,4,15992,15901,2,14,3,2,0,16,2,3,1,0,0,0,0,0,1,0,1,0,0,1,0,0,0,0,0,0,0,0,0,0,1,0,0,0,0,0,1,0
726,31,853,1,1,3,96,3,2,1,4148,11275,1,12,3,3,1,4,1,3,4,3,0,3,0,1,0,0,1,0,0,1,0,0,0,0,0,0,0,0,0,1,0,0,0,0,0,1,0,0
1209,60,370,1,4,3,92,1,3,4,10883,20467,3,20,4,3,1,19,2,4,1,0,0,0,0,0,1,0,1,0,0,0,0,1,0,0,1,1,0,0,0,0,0,0,0,0,1,0,0,0
192,35,556,23,2,2,50,2,2,3,5916,15497,3,13,3,1,0,8,1,3,1,0,0,1,0,0,1,0,1,0,0,1,0,0,0,0,1,0,0,0,0,1,0,0,0,0,0,1,0,1
776,20,769,9,3,4,54,3,1,4,2323,17205,1,14,3,2,0,2,3,3,2,2,0,2,0,1,0,0,0,1,0,0,1,0,0,0,0,0,0,0,0,0,0,0,0,1,0,0,1,1
281,42,635,1,1,2,99,3,2,3,4907,24532,1,25,4,3,0,20,3,3,20,16,11,6,0,0,1,0,0,1,0,1,0,0,0,0,1,0,0,0,0,0,0,0,1,0,0,1,0,0
435,33,1277,15,1,2,56,3,3,3,13610,24619,7,12,3,4,0,15,2,4,7,6,7,7,0,0,1,0,1,0,0,0,0,1,0,0,1,0,0,0,1,0,0,0,0,0,0,1,0,1
1267,34,1375,10,3,4,87,3,2,3,4001,12313,1,14,3,3,1,15,3,3,15,14,0,7,1,0,0,0,0,1,0,1,0,0,0,0,1,0,0,0,0,0,0,0,1,0,1,0,0,1
323,28,1157,2,4,1,84,1,1,4,3464,24737,5,13,3,4,0,5,4,2,3,2,2,2,0,0,1,0,1,0,0,0,0,1,0,0,1,0,0,0,0,0,0,1,0,0,0,1,0,1
538,41,314,1,3,4,59,2,5,3,19189,19562,1,12,3,2,1,22,3,3,22,7,2,10,0,0,1,1,0,0,1,0,0,0,0,0,1,0,0,0,1,0,0,0,0,0,0,1,0,0
519,29,806,1,4,2,76,1,1,4,2720,18959,1,18,3,4,1,10,5,3,10,7,2,8,0,1,0,0,1,0,0,1,0,0,0,0,1,0,0,0,0,0,0,1,0,0,1,0,0,0
1163,37,1470,10,3,2,71,3,1,2,3936,9953,1,11,3,1,1,8,2,1,8,4,7,7,0,0,1,0,1,0,0,0,0,1,0,0,0,0,0,0,0,0,0,1,0,0,0,1,0,0
948,30,634,17,4,2,95,3,3,1,11916,25927,1,23,4,4,2,9,2,3,9,1,0,8,0,0,1,0,1,0,0,0,0,1,0,0,0,0,0,0,1,0,0,0,0,0,0,1,0,1
653,50,881,2,4,1,98,3,4,1,17924,4544,1,11,3,4,1,31,3,3,31,6,14,7,1,0,0,0,1,0,0,1,0,0,0,0,1,0,0,0,1,0,0,0,0,0,1,0,0,0
780,28,1366,24,2,2,72,2,3,1,8722,12355,1,12,3,1,0,10,2,2,10,7,1,9,1,0,0,0,1,0,0,0,0,0,0,1,1,1,0,0,0,0,0,0,0,0,0,0,1,0
1251,30,979,15,2,3,94,2,3,1,7140,3088,2,11,3,1,1,12,2,3,7,7,1,7,0,0,1,0,0,1,0,0,1,0,0,0,1,0,0,0,0,0,0,0,1,0,1,0,0,0
215,41,896,6,3,4,75,3,3,4,13591,14674,3,18,3,3,0,16,3,3,1,0,0,0,0,0,1,0,0,1,0,1,0,0,0,0,0,0,0,0,1,0,0,0,0,0,0,0,1,1
198,38,1261,2,4,4,88,3,2,3,6553,7259,9,14,3,2,0,14,3,3,1,0,0,0,0,0,1,0,1,0,0,1,0,0,0,0,1,0,0,0,0,1,0,0,0,0,0,1,0,0
464,37,799,1,3,2,59,3,3,4,7491,23848,4,17,3,4,0,12,3,4,6,5,1,2,0,0,1,0,1,0,0,0,0,0,0,1,0,0,0,0,0,1,0,0,0,0,0,0,1,0
1019,36,329,16,4,3,98,2,2,1,5647,13494,4,13,3,1,2,11,3,2,3,2,0,2,0,0,1,0,0,1,0,0,1,0,0,0,0,0,0,0,0,0,0,0,1,0,0,1,0,0
111,34,658,7,3,1,66,1,2,3,6074,22887,1,24,4,4,0,9,3,3,9,7,0,6,0,1,0,0,1,0,0,1,0,0,0,0,1,0,0,1,0,0,0,0,0,0,0,0,1,1
1260,32,953,5,4,2,65,3,1,2,2718,17674,2,14,3,2,0,12,3,3,7,7,0,7,1,0,0,0,1,0,0,0,0,0,0,1,1,0,0,0,0,0,0,1,0,0,0,0,1,0
487,20,959,1,3,4,83,2,1,2,2836,11757,1,13,3,4,0,1,0,4,1,0,0,0,0,0,1,0,1,0,0,1,0,0,0,0,0,0,0,0,0,0,0,1,0,0,0,0,1,0
287,38,688,23,4,4,82,3,2,4,5745,18899,9,14,3,2,1,10,2,3,2,2,1,2,0,0,1,0,1,0,0,1,0,0,0,0,1,1,0,0,0,0,0,0,0,0,1,0,0,0
1005,29,332,17,3,2,51,2,3,1,7988,9769,1,13,3,1,0,10,3,2,10,9,0,9,0,0,1,1,0,0,0,0,0,0,1,0,1,0,1,0,0,0,0,0,0,0,0,0,1,0
283,55,147,20,2,2,37,3,2,4,5415,15972,3,19,3,4,1,12,4,3,10,7,0,8,0,0,1,0,1,0,0,0,0,0,0,1,1,0,0,1,0,0,0,0,0,0,0,1,0,1
988,41,1200,22,3,4,75,3,2,4,5467,13953,3,14,3,1,2,12,4,2,6,2,3,3,0,1,0,0,1,0,0,1,0,0,0,0,0,0,0,0,0,0,0,1,0,0,1,0,0,1
923,34,648,11,3,3,56,2,2,2,4490,21833,4,11,3,4,2,14,5,4,10,9,1,8,0,1,0,1,0,0,0,1,0,0,0,0,1,0,1,0,0,0,0,0,0,0,0,1,0,0
678,48,1469,20,4,4,51,3,1,3,2259,5543,4,17,3,1,2,13,2,2,0,0,0,0,0,0,1,0,1,0,0,0,0,1,0,0,1,0,0,0,0,0,0,1,0,0,0,1,0,0
746,41,247,7,1,2,55,1,5,3,19973,20284,1,22,4,2,2,21,3,3,21,16,5,10,1,0,0,0,1,0,0,1,0,0,0,0,0,0,0,0,0,0,1,0,0,0,1,0,0,0
876,20,654,21,3,3,43,4,1,4,2678,5050,1,17,3,4,0,2,2,3,2,1,2,2,0,0,1,0,0,1,0,0,1,0,0,0,1,0,0,0,0,0,0,0,0,1,0,0,1,0
760,53,124,2,3,3,38,2,3,2,7525,23537,2,12,3,1,1,30,2,3,15,7,6,12,0,1,0,0,0,1,0,0,1,0,0,0,0,0,0,0,0,0,0,0,1,0,0,1,0,0
1,49,279,8,1,3,61,2,2,2,5130,24907,1,23,4,4,1,10,3,3,10,7,1,7,0,1,0,0,1,0,0,1,0,0,0,0,1,0,0,0,0,0,0,1,0,0,0,1,0,0
1036,31,523,2,3,2,94,3,1,4,3722,21081,6,13,3,3,1,7,2,1,2,2,2,2,0,1,0,0,1,0,0,1,0,0,0,0,1,0,0,1,0,0,0,0,0,0,0,1,0,1
1337,28,1172,3,3,2,78,3,1,2,2856,3692,1,19,3,4,1,1,3,3,1,0,0,0,0,0,1,0,0,1,0,0,0,1,0,0,0,0,0,0,0,0,0,0,0,1,0,1,0,0
1467,27,155,4,3,2,87,4,2,2,6142,5174,1,20,4,2,1,6,0,3,6,2,0,3,0,0,1,0,1,0,0,1,0,0,0,0,1,0,0,0,0,1,0,0,0,0,0,1,0,1
739,27,1055,2,4,1,47,3,2,4,4227,4658,0,18,3,2,1,4,2,3,3,2,2,2,0,0,1,0,1,0,0,1,0,0,0,0,0,0,0,0,0,1,0,0,0,0,0,1,0,0
1155,39,170,3,2,3,76,2,2,3,3069,10302,0,15,3,4,1,11,3,3,10,8,0,7,0,0,1,0,1,0,0,0,0,1,0,0,1,0,0,1,0,0,0,0,0,0,1,0,0,0
607,49,1184,11,3,3,43,3,3,4,7654,5860,1,18,3,1,2,9,3,4,9,8,7,7,0,0,1,0,0,1,0,0,1,0,0,0,0,0,0,0,0,0,0,0,1,0,0,1,0,0
356,42,1332,2,4,1,98,2,2,4,6781,17078,3,23,4,2,0,14,6,3,1,0,0,0,0,0,1,0,1,0,0,0,0,0,1,0,1,1,0,0,0,0,0,0,0,0,0,0,1,0
1289,38,1336,2,3,1,100,3,1,2,2592,7129,5,13,3,4,3,13,3,3,11,10,3,8,1,0,0,1,0,0,1,0,0,0,0,0,1,0,1,0,0,0,0,0,0,0,1,0,0,0
383,22,253,11,3,1,43,3,1,2,2244,24440,1,13,3,4,1,2,1,3,2,1,1,2,0,0,1,0,1,0,0,0,0,1,0,0,0,0,0,0,0,0,0,1,0,0,0,1,0,0
1199,36,1351,26,4,1,80,3,2,3,5347,7419,6,14,3,2,2,10,2,2,3,2,0,2,0,0,1,0,1,0,0,1,0,0,0,0,1,1,0,0,0,0,0,0,0,0,0,1,0,0
1118,26,474,3,3,1,89,3,1,4,2061,11133,1,21,4,1,0,1,5,3,1,0,0,0,0,0,1,0,1,0,0,1,0,0,0,0,0,0,0,0,0,0,0,1,0,0,0,1,0,0
1335,39,835,19,4,4,41,3,2,4,3902,5141,8,14,3,2,3,7,2,3,2,2,2,2,0,0,1,0,1,0,0,0,0,0,1,0,1,0,0,0,0,0,0,1,0,0,1,0,0,0
770,46,430,1,4,4,40,3,5,4,19627,21445,9,17,3,4,2,23,0,3,2,2,2,2,0,0,1,0,1,0,0,0,0,1,0,0,1,0,0,0,0,0,1,0,0,0,1,0,0,0
875,44,200,29,4,4,32,3,2,4,4541,7744,1,25,4,2,0,20,3,3,20,11,13,17,0,0,1,0,1,0,0,0,0,0,1,0,1,0,0,0,0,0,0,1,0,0,0,0,1,0
793,28,895,15,2,1,50,3,1,3,2207,22482,1,16,3,4,1,4,5,2,4,2,2,2,0,0,1,0,1,0,0,1,0,0,0,0,1,0,0,1,0,0,0,0,0,0,1,0,0,0
829,33,603,9,4,1,77,3,2,1,8224,18385,0,17,3,1,0,6,3,3,5,2,0,3,0,0,1,0,0,1,0,0,1,0,0,0,0,0,0,0,0,0,0,0,1,0,0,0,1,1
1297,26,920,20,2,4,69,3,1,2,2148,6889,0,11,3,3,0,6,3,3,5,1,1,4,0,0,1,1,0,0,0,0,0,1,0,0,0,0,1,0,0,0,0,0,0,0,0,1,0,1
1217,24,581,9,3,3,62,4,1,3,4401,17616,1,16,3,4,1,5,1,3,5,3,0,4,0,0,1,0,1,0,0,0,0,1,0,0,1,0,0,0,0,0,0,1,0,0,0,1,0,0
1339,22,391,7,1,4,75,3,1,2,2472,26092,1,23,4,1,0,1,2,3,1,0,0,0,0,0,1,0,1,0,0,1,0,0,0,0,1,0,0,0,0,0,0,1,0,0,0,0,1,1
1259,30,305,16,3,3,58,4,2,3,5294,9128,3,16,3,3,1,10,3,3,7,0,1,7,0,0,1,0,1,0,0,1,0,0,0,0,1,1,0,0,0,0,0,0,0,0,0,1,0,0
318,27,1220,5,3,3,85,3,1,2,2478,20938,1,12,3,2,0,4,2,2,4,3,1,2,0,0,1,0,1,0,0,1,0,0,0,0,0,0,0,0,0,0,0,1,0,0,0,0,1,1
193,43,1344,7,3,4,37,4,1,4,2089,5228,4,14,3,4,3,7,3,4,5,4,2,2,1,0,0,0,1,0,0,0,0,1,0,0,1,0,0,0,0,0,0,1,0,0,1,0,0,0
352,48,530,29,1,1,91,3,3,3,12504,23978,3,21,4,2,1,15,3,1,0,0,0,0,0,0,1,0,0,1,0,0,0,1,0,0,0,0,0,0,1,0,0,0,0,0,0,1,0,0
1070,28,467,7,3,3,55,3,2,1,4898,11827,0,14,3,4,0,5,5,3,4,2,1,3,0,1,0,0,0,1,0,1,0,0,0,0,1,0,0,0,0,0,0,0,1,0,0,0,1,0
136,51,1150,8,4,1,53,1,3,4,10650,25150,2,15,3,4,0,18,2,3,4,2,0,3,0,1,0,0,1,0,0,1,0,0,0,0,1,0,0,0,0,1,0,0,0,0,0,0,1,0
1295,41,796,4,1,3,81,3,3,3,10447,26458,0,13,3,4,1,23,3,4,22,14,13,5,0,0,1,0,0,1,0,0,1,0,0,0,0,0,0,0,0,0,0,0,1,0,1,0,0,1
141,45,1316,29,3,3,83,3,1,4,3452,9752,5,13,3,2,0,9,2,2,6,5,0,3,0,0,1,0,1,0,0,0,0,1,0,0,1,0,0,0,0,0,0,1,0,0,0,0,1,0
1150,35,819,18,5,2,48,4,2,1,5208,26312,1,11,3,4,0,16,2,3,16,15,1,10,0,0,1,0,1,0,0,1,0,0,0,0,1,0,0,0,0,0,0,1,0,0,0,1,0,0
1037,45,1448,29,3,2,55,3,3,4,9380,14720,4,18,3,4,2,10,4,4,3,1,1,2,0,0,1,0,1,0,0,0,0,0,0,1,1,0,0,0,0,1,0,0,0,0,0,1,0,1
275,37,728,1,4,1,80,3,3,4,13603,11677,2,18,3,1,2,15,2,3,5,2,0,2,1,0,0,0,1,0,0,0,0,1,0,0,0,0,0,0,0,0,1,0,0,0,1,0,0,1
968,36,607,7,3,1,83,4,2,1,4639,2261,2,16,3,4,1,17,2,2,15,7,6,13,0,1,0,0,0,1,0,0,1,0,0,0,0,0,0,0,0,0,0,0,1,0,0,1,0,0
169,32,120,6,5,3,43,3,1,3,3038,12430,3,20,4,1,0,8,2,3,5,4,1,4,0,0,1,0,1,0,0,1,0,0,0,0,1,0,0,0,0,0,0,1,0,0,0,0,1,0
93,46,638,1,3,3,40,2,3,1,10673,3142,2,13,3,3,1,21,5,2,10,9,9,5,0,1,0,0,1,0,0,0,0,1,0,0,1,1,0,0,0,0,0,0,0,0,0,1,0,1
766,50,1464,2,4,2,62,3,5,3,19237,12853,2,11,3,4,1,29,2,2,8,1,7,7,0,0,1,0,1,0,0,0,0,1,0,0,1,0,0,0,0,0,1,0,0,0,0,1,0,1
569,36,1434,8,4,1,76,2,3,1,7587,14229,1,15,3,2,0,10,1,3,10,7,0,9,1,0,0,0,0,1,0,1,0,0,0,0,1,0,0,0,0,0,0,0,1,0,0,0,1,0
1196,41,1206,23,2,4,80,3,3,3,7082,11591,3,16,3,4,0,21,2,3,2,0,0,2,0,0,1,0,0,1,0,1,0,0,0,0,1,0,0,0,0,0,0,0,1,0,0,0,1,1
1164,40,448,16,3,3,84,3,3,4,7945,19948,6,15,3,4,0,18,2,2,4,2,3,3,0,0,1,0,1,0,0,1,0,0,0,0,0,0,0,0,0,1,0,0,0,0,0,0,1,1
82,55,111,1,2,1,70,3,3,4,10239,18092,3,14,3,4,1,24,4,3,1,0,1,0,0,0,1,0,0,1,0,1,0,0,0,0,1,0,0,0,0,0,0,0,1,0,0,1,0,0
1063,29,1246,19,3,3,77,2,2,3,8620,23757,1,14,3,3,2,10,3,3,10,7,0,4,0,0,1,0,0,1,0,1,0,0,0,0,1,0,0,0,0,0,0,0,1,0,1,0,0,0
1392,35,1224,7,4,3,55,3,2,4,5204,13586,1,11,3,4,0,10,2,3,10,8,0,9,0,0,1,0,0,1,0,1,0,0,0,0,0,0,0,0,0,0,0,0,1,0,0,1,0,1
627,52,890,25,4,3,81,2,4,4,13826,19028,3,22,4,3,0,31,3,3,9,8,0,0,0,1,0,0,1,0,0,0,0,1,0,0,0,0,0,0,0,1,0,0,0,0,0,1,0,0
1407,24,771,1,2,2,45,2,2,3,4617,14120,1,12,3,2,0,4,2,2,4,3,1,2,0,0,1,0,1,0,0,1,0,0,0,0,1,1,0,0,0,0,0,0,0,0,0,0,1,0
731,20,1097,11,3,4,98,2,1,1,2600,18275,1,15,3,1,0,1,2,3,1,0,0,0,0,0,1,0,1,0,0,0,0,1,0,0,0,0,0,0,0,0,0,1,0,0,0,0,1,1
722,38,1391,10,1,3,66,3,1,3,2684,12127,0,17,3,2,1,3,0,2,2,1,0,2,0,1,0,0,1,0,0,0,0,1,0,0,1,0,0,0,0,0,0,1,0,0,0,1,0,0
